date,anomaly_c
1880-01-01,-0.19
1880-02-01,-0.25
1880-03-01,-0.09
1880-04-01,-0.17
1880-05-01,-0.1
1880-06-01,-0.21
1880-07-01,-0.19
1880-08-01,-0.1
1880-09-01,-0.15
1880-10-01,-0.23
1880-11-01,-0.22
1880-12-01,-0.19
1881-01-01,-0.19
1881-02-01,-0.15
1881-03-01,0.03
1881-04-01,0.04
1881-05-01,0.07
1881-06-01,-0.18
1881-07-01,0.01
1881-08-01,-0.03
1881-09-01,-0.15
1881-10-01,-0.21
1881-11-01,-0.18
1881-12-01,-0.07
1882-01-01,0.16
1882-02-01,0.14
1882-03-01,0.05
1882-04-01,-0.16
1882-05-01,-0.14
1882-06-01,-0.22
1882-07-01,-0.16
1882-08-01,-0.07
1882-09-01,-0.14
1882-10-01,-0.23
1882-11-01,-0.17
1882-12-01,-0.36
1883-01-01,-0.29
1883-02-01,-0.36
1883-03-01,-0.12
1883-04-01,-0.18
1883-05-01,-0.17
1883-06-01,-0.06
1883-07-01,-0.07
1883-08-01,-0.14
1883-09-01,-0.22
1883-10-01,-0.11
1883-11-01,-0.24
1883-12-01,-0.11
1884-01-01,-0.13
1884-02-01,-0.08
1884-03-01,-0.36
1884-04-01,-0.4
1884-05-01,-0.33
1884-06-01,-0.35
1884-07-01,-0.3
1884-08-01,-0.27
1884-09-01,-0.27
1884-10-01,-0.25
1884-11-01,-0.33
1884-12-01,-0.31
1885-01-01,-0.58
1885-02-01,-0.34
1885-03-01,-0.27
1885-04-01,-0.42
1885-05-01,-0.45
1885-06-01,-0.44
1885-07-01,-0.34
1885-08-01,-0.31
1885-09-01,-0.28
1885-10-01,-0.23
1885-11-01,-0.24
1885-12-01,-0.1
1886-01-01,-0.44
1886-02-01,-0.5
1886-03-01,-0.43
1886-04-01,-0.28
1886-05-01,-0.24
1886-06-01,-0.35
1886-07-01,-0.18
1886-08-01,-0.31
1886-09-01,-0.24
1886-10-01,-0.27
1886-11-01,-0.28
1886-12-01,-0.25
1887-01-01,-0.72
1887-02-01,-0.57
1887-03-01,-0.35
1887-04-01,-0.34
1887-05-01,-0.3
1887-06-01,-0.25
1887-07-01,-0.26
1887-08-01,-0.35
1887-09-01,-0.25
1887-10-01,-0.35
1887-11-01,-0.26
1887-12-01,-0.33
1888-01-01,-0.34
1888-02-01,-0.36
1888-03-01,-0.41
1888-04-01,-0.21
1888-05-01,-0.22
1888-06-01,-0.17
1888-07-01,-0.11
1888-08-01,-0.16
1888-09-01,-0.12
1888-10-01,0.01
1888-11-01,0.02
1888-12-01,-0.04
1889-01-01,-0.09
1889-02-01,0.16
1889-03-01,0.06
1889-04-01,0.09
1889-05-01,-0.01
1889-06-01,-0.1
1889-07-01,-0.08
1889-08-01,-0.2
1889-09-01,-0.23
1889-10-01,-0.25
1889-11-01,-0.34
1889-12-01,-0.29
1890-01-01,-0.42
1890-02-01,-0.45
1890-03-01,-0.4
1890-04-01,-0.3
1890-05-01,-0.4
1890-06-01,-0.25
1890-07-01,-0.28
1890-08-01,-0.39
1890-09-01,-0.36
1890-10-01,-0.25
1890-11-01,-0.44
1890-12-01,-0.32
1891-01-01,-0.34
1891-02-01,-0.46
1891-03-01,-0.18
1891-04-01,-0.27
1891-05-01,-0.16
1891-06-01,-0.21
1891-07-01,-0.18
1891-08-01,-0.17
1891-09-01,-0.15
1891-10-01,-0.21
1891-11-01,-0.31
1891-12-01,-0.04
1892-01-01,-0.29
1892-02-01,-0.12
1892-03-01,-0.4
1892-04-01,-0.33
1892-05-01,-0.23
1892-06-01,-0.21
1892-07-01,-0.31
1892-08-01,-0.27
1892-09-01,-0.16
1892-10-01,-0.14
1892-11-01,-0.42
1892-12-01,-0.39
1893-01-01,-0.81
1893-02-01,-0.57
1893-03-01,-0.22
1893-04-01,-0.27
1893-05-01,-0.34
1893-06-01,-0.25
1893-07-01,-0.14
1893-08-01,-0.25
1893-09-01,-0.22
1893-10-01,-0.18
1893-11-01,-0.19
1893-12-01,-0.32
1894-01-01,-0.53
1894-02-01,-0.29
1894-03-01,-0.23
1894-04-01,-0.45
1894-05-01,-0.31
1894-06-01,-0.41
1894-07-01,-0.24
1894-08-01,-0.24
1894-09-01,-0.28
1894-10-01,-0.23
1894-11-01,-0.26
1894-12-01,-0.21
1895-01-01,-0.41
1895-02-01,-0.43
1895-03-01,-0.33
1895-04-01,-0.22
1895-05-01,-0.28
1895-06-01,-0.21
1895-07-01,-0.17
1895-08-01,-0.17
1895-09-01,-0.12
1895-10-01,-0.1
1895-11-01,-0.17
1895-12-01,-0.14
1896-01-01,-0.23
1896-02-01,-0.13
1896-03-01,-0.26
1896-04-01,-0.31
1896-05-01,-0.16
1896-06-01,-0.11
1896-07-01,-0.03
1896-08-01,-0.05
1896-09-01,-0.08
1896-10-01,0.06
1896-11-01,-0.05
1896-12-01,-0.05
1897-01-01,-0.15
1897-02-01,-0.17
1897-03-01,-0.14
1897-04-01,-0.03
1897-05-01,-0.02
1897-06-01,-0.12
1897-07-01,-0.03
1897-08-01,-0.09
1897-09-01,-0.09
1897-10-01,-0.13
1897-11-01,-0.19
1897-12-01,-0.21
1898-01-01,-0.03
1898-02-01,-0.31
1898-03-01,-0.51
1898-04-01,-0.3
1898-05-01,-0.3
1898-06-01,-0.19
1898-07-01,-0.22
1898-08-01,-0.27
1898-09-01,-0.22
1898-10-01,-0.35
1898-11-01,-0.38
1898-12-01,-0.24
1899-01-01,-0.17
1899-02-01,-0.38
1899-03-01,-0.37
1899-04-01,-0.2
1899-05-01,-0.23
1899-06-01,-0.32
1899-07-01,-0.16
1899-08-01,-0.08
1899-09-01,-0.04
1899-10-01,-0.04
1899-11-01,0.12
1899-12-01,-0.27
1900/1/1,-0.37
1900/2/1,-0.06
1900/3/1,0
1900/4/1,-0.09
1900/5/1,-0.09
1900/6/1,-0.1
1900/7/1,-0.13
1900/8/1,-0.09
1900/9/1,-0.06
1900/10/1,0.09
1900/11/1,-0.07
1900/12/1,-0.07
1901/1/1,-0.23
1901/2/1,-0.1
1901/3/1,0.06
1901/4/1,-0.03
1901/5/1,-0.16
1901/6/1,-0.12
1901/7/1,-0.14
1901/8/1,-0.2
1901/9/1,-0.22
1901/10/1,-0.29
1901/11/1,-0.17
1901/12/1,-0.28
1902/1/1,-0.17
1902/2/1,-0.09
1902/3/1,-0.27
1902/4/1,-0.27
1902/5/1,-0.32
1902/6/1,-0.32
1902/7/1,-0.28
1902/8/1,-0.3
1902/9/1,-0.29
1902/10/1,-0.3
1902/11/1,-0.37
1902/12/1,-0.43
1903/1/1,-0.24
1903/2/1,-0.06
1903/3/1,-0.23
1903/4/1,-0.41
1903/5/1,-0.4
1903/6/1,-0.43
1903/7/1,-0.35
1903/8/1,-0.45
1903/9/1,-0.49
1903/10/1,-0.46
1903/11/1,-0.42
1903/12/1,-0.51
1904/1/1,-0.63
1904/2/1,-0.59
1904/3/1,-0.51
1904/4/1,-0.51
1904/5/1,-0.52
1904/6/1,-0.48
1904/7/1,-0.51
1904/8/1,-0.49
1904/9/1,-0.56
1904/10/1,-0.39
1904/11/1,-0.18
1904/12/1,-0.33
1905/1/1,-0.35
1905/2/1,-0.6
1905/3/1,-0.21
1905/4/1,-0.33
1905/5/1,-0.29
1905/6/1,-0.28
1905/7/1,-0.26
1905/8/1,-0.2
1905/9/1,-0.19
1905/10/1,-0.24
1905/11/1,-0.07
1905/12/1,-0.13
1906/1/1,-0.28
1906/2/1,-0.3
1906/3/1,-0.18
1906/4/1,-0.05
1906/5/1,-0.26
1906/6/1,-0.19
1906/7/1,-0.23
1906/8/1,-0.2
1906/9/1,-0.28
1906/10/1,-0.2
1906/11/1,-0.38
1906/12/1,-0.15
1907/1/1,-0.43
1907/2/1,-0.51
1907/3/1,-0.27
1907/4/1,-0.37
1907/5/1,-0.46
1907/6/1,-0.42
1907/7/1,-0.35
1907/8/1,-0.34
1907/9/1,-0.34
1907/10/1,-0.23
1907/11/1,-0.47
1907/12/1,-0.48
1908/1/1,-0.45
1908/2/1,-0.33
1908/3/1,-0.56
1908/4/1,-0.45
1908/5/1,-0.38
1908/6/1,-0.38
1908/7/1,-0.35
1908/8/1,-0.46
1908/9/1,-0.35
1908/10/1,-0.44
1908/11/1,-0.52
1908/12/1,-0.49
1909/1/1,-0.73
1909/2/1,-0.46
1909/3/1,-0.54
1909/4/1,-0.59
1909/5/1,-0.55
1909/6/1,-0.52
1909/7/1,-0.45
1909/8/1,-0.34
1909/9/1,-0.39
1909/10/1,-0.4
1909/11/1,-0.32
1909/12/1,-0.56
1910/1/1,-0.43
1910/2/1,-0.42
1910/3/1,-0.5
1910/4/1,-0.43
1910/5/1,-0.35
1910/6/1,-0.39
1910/7/1,-0.35
1910/8/1,-0.37
1910/9/1,-0.39
1910/10/1,-0.41
1910/11/1,-0.57
1910/12/1,-0.68
1911/1/1,-0.63
1911/2/1,-0.59
1911/3/1,-0.61
1911/4/1,-0.54
1911/5/1,-0.52
1911/6/1,-0.51
1911/7/1,-0.43
1911/8/1,-0.44
1911/9/1,-0.41
1911/10/1,-0.27
1911/11/1,-0.22
1911/12/1,-0.23
1912/1/1,-0.27
1912/2/1,-0.16
1912/3/1,-0.39
1912/4/1,-0.18
1912/5/1,-0.22
1912/6/1,-0.25
1912/7/1,-0.43
1912/8/1,-0.55
1912/9/1,-0.58
1912/10/1,-0.58
1912/11/1,-0.4
1912/12/1,-0.43
1913/1/1,-0.41
1913/2/1,-0.45
1913/3/1,-0.43
1913/4/1,-0.4
1913/5/1,-0.44
1913/6/1,-0.45
1913/7/1,-0.37
1913/8/1,-0.33
1913/9/1,-0.35
1913/10/1,-0.32
1913/11/1,-0.21
1913/12/1,-0.03
1914/1/1,0.05
1914/2/1,-0.1
1914/3/1,-0.24
1914/4/1,-0.3
1914/5/1,-0.21
1914/6/1,-0.25
1914/7/1,-0.24
1914/8/1,-0.16
1914/9/1,-0.17
1914/10/1,-0.03
1914/11/1,-0.16
1914/12/1,-0.05
1915/1/1,-0.22
1915/2/1,-0.04
1915/3/1,-0.09
1915/4/1,0.06
1915/5/1,-0.06
1915/6/1,-0.23
1915/7/1,-0.13
1915/8/1,-0.22
1915/9/1,-0.2
1915/10/1,-0.25
1915/11/1,-0.13
1915/12/1,-0.21
1916/1/1,-0.13
1916/2/1,-0.16
1916/3/1,-0.28
1916/4/1,-0.31
1916/5/1,-0.36
1916/6/1,-0.5
1916/7/1,-0.37
1916/8/1,-0.28
1916/9/1,-0.36
1916/10/1,-0.33
1916/11/1,-0.47
1916/12/1,-0.82
1917/1/1,-0.57
1917/2/1,-0.63
1917/3/1,-0.64
1917/4/1,-0.55
1917/5/1,-0.56
1917/6/1,-0.44
1917/7/1,-0.25
1917/8/1,-0.22
1917/9/1,-0.23
1917/10/1,-0.44
1917/11/1,-0.34
1917/12/1,-0.68
1918/1/1,-0.48
1918/2/1,-0.35
1918/3/1,-0.26
1918/4/1,-0.45
1918/5/1,-0.44
1918/6/1,-0.37
1918/7/1,-0.32
1918/8/1,-0.32
1918/9/1,-0.18
1918/10/1,-0.06
1918/11/1,-0.12
1918/12/1,-0.3
1919/1/1,-0.2
1919/2/1,-0.23
1919/3/1,-0.21
1919/4/1,-0.13
1919/5/1,-0.28
1919/6/1,-0.36
1919/7/1,-0.3
1919/8/1,-0.34
1919/9/1,-0.26
1919/10/1,-0.2
1919/11/1,-0.42
1919/12/1,-0.43
1920/1/1,-0.25
1920/2/1,-0.27
1920/3/1,-0.13
1920/4/1,-0.25
1920/5/1,-0.27
1920/6/1,-0.36
1920/7/1,-0.31
1920/8/1,-0.27
1920/9/1,-0.22
1920/10/1,-0.27
1920/11/1,-0.27
1920/12/1,-0.47
1921/1/1,-0.05
1921/2/1,-0.18
1921/3/1,-0.23
1921/4/1,-0.3
1921/5/1,-0.3
1921/6/1,-0.27
1921/7/1,-0.15
1921/8/1,-0.26
1921/9/1,-0.19
1921/10/1,-0.03
1921/11/1,-0.15
1921/12/1,-0.18
1922/1/1,-0.34
1922/2/1,-0.45
1922/3/1,-0.15
1922/4/1,-0.23
1922/5/1,-0.33
1922/6/1,-0.31
1922/7/1,-0.27
1922/8/1,-0.33
1922/9/1,-0.35
1922/10/1,-0.32
1922/11/1,-0.14
1922/12/1,-0.2
1923/1/1,-0.28
1923/2/1,-0.4
1923/3/1,-0.34
1923/4/1,-0.42
1923/5/1,-0.34
1923/6/1,-0.29
1923/7/1,-0.31
1923/8/1,-0.34
1923/9/1,-0.31
1923/10/1,-0.14
1923/11/1,-0.03
1923/12/1,-0.04
1924/1/1,-0.23
1924/2/1,-0.23
1924/3/1,-0.09
1924/4/1,-0.31
1924/5/1,-0.19
1924/6/1,-0.26
1924/7/1,-0.29
1924/8/1,-0.36
1924/9/1,-0.32
1924/10/1,-0.35
1924/11/1,-0.21
1924/12/1,-0.43
1925/1/1,-0.38
1925/2/1,-0.39
1925/3/1,-0.27
1925/4/1,-0.26
1925/5/1,-0.3
1925/6/1,-0.33
1925/7/1,-0.27
1925/8/1,-0.21
1925/9/1,-0.2
1925/10/1,-0.18
1925/11/1,0.05
1925/12/1,0.06
1926/1/1,0.21
1926/2/1,0.02
1926/3/1,0.11
1926/4/1,-0.14
1926/5/1,-0.24
1926/6/1,-0.27
1926/7/1,-0.28
1926/8/1,-0.13
1926/9/1,-0.15
1926/10/1,-0.11
1926/11/1,-0.07
1926/12/1,-0.3
1927/1/1,-0.27
1927/2/1,-0.18
1927/3/1,-0.39
1927/4/1,-0.31
1927/5/1,-0.26
1927/6/1,-0.28
1927/7/1,-0.19
1927/8/1,-0.24
1927/9/1,-0.13
1927/10/1,-0.01
1927/11/1,-0.06
1927/12/1,-0.33
1928/1/1,-0.03
1928/2/1,-0.09
1928/3/1,-0.25
1928/4/1,-0.29
1928/5/1,-0.3
1928/6/1,-0.39
1928/7/1,-0.19
1928/8/1,-0.22
1928/9/1,-0.21
1928/10/1,-0.19
1928/11/1,-0.1
1928/12/1,-0.16
1929/1/1,-0.45
1929/2/1,-0.58
1929/3/1,-0.33
1929/4/1,-0.41
1929/5/1,-0.38
1929/6/1,-0.43
1929/7/1,-0.37
1929/8/1,-0.32
1929/9/1,-0.25
1929/10/1,-0.15
1929/11/1,-0.12
1929/12/1,-0.55
1930/1/1,-0.3
1930/2/1,-0.27
1930/3/1,-0.11
1930/4/1,-0.25
1930/5/1,-0.24
1930/6/1,-0.22
1930/7/1,-0.21
1930/8/1,-0.15
1930/9/1,-0.15
1930/10/1,-0.12
1930/11/1,0.17
1930/12/1,-0.06
1931/1/1,-0.1
1931/2/1,-0.21
1931/3/1,-0.11
1931/4/1,-0.23
1931/5/1,-0.2
1931/6/1,-0.08
1931/7/1,-0.04
1931/8/1,-0.03
1931/9/1,-0.06
1931/10/1,0.06
1931/11/1,-0.06
1931/12/1,-0.05
1932/1/1,0.15
1932/2/1,-0.17
1932/3/1,-0.18
1932/4/1,-0.06
1932/5/1,-0.18
1932/6/1,-0.29
1932/7/1,-0.25
1932/8/1,-0.21
1932/9/1,-0.1
1932/10/1,-0.09
1932/11/1,-0.28
1932/12/1,-0.27
1933/1/1,-0.23
1933/2/1,-0.3
1933/3/1,-0.3
1933/4/1,-0.25
1933/5/1,-0.29
1933/6/1,-0.34
1933/7/1,-0.21
1933/8/1,-0.23
1933/9/1,-0.29
1933/10/1,-0.25
1933/11/1,-0.31
1933/12/1,-0.44
1934/1/1,-0.21
1934/2/1,-0.03
1934/3/1,-0.29
1934/4/1,-0.31
1934/5/1,-0.1
1934/6/1,-0.15
1934/7/1,-0.1
1934/8/1,-0.12
1934/9/1,-0.15
1934/10/1,-0.06
1934/11/1,0.03
1934/12/1,-0.03
1935/1/1,-0.34
1935/2/1,0.14
1935/3/1,-0.14
1935/4/1,-0.37
1935/5/1,-0.29
1935/6/1,-0.27
1935/7/1,-0.22
1935/8/1,-0.22
1935/9/1,-0.21
1935/10/1,-0.06
1935/11/1,-0.26
1935/12/1,-0.17
1936/1/1,-0.28
1936/2/1,-0.38
1936/3/1,-0.21
1936/4/1,-0.2
1936/5/1,-0.16
1936/6/1,-0.22
1936/7/1,-0.1
1936/8/1,-0.13
1936/9/1,-0.09
1936/10/1,-0.03
1936/11/1,0.01
1936/12/1,-0.01
1937/1/1,-0.07
1937/2/1,0.03
1937/3/1,-0.21
1937/4/1,-0.16
1937/5/1,-0.05
1937/6/1,-0.05
1937/7/1,-0.03
1937/8/1,0.01
1937/9/1,0.09
1937/10/1,0.08
1937/11/1,0.08
1937/12/1,-0.08
1938/1/1,0.08
1938/2/1,0.04
1938/3/1,0.1
1938/4/1,0.06
1938/5/1,-0.1
1938/6/1,-0.17
1938/7/1,-0.09
1938/8/1,-0.05
1938/9/1,0.01
1938/10/1,0.15
1938/11/1,0.07
1938/12/1,-0.12
1939/1/1,-0.05
1939/2/1,-0.06
1939/3/1,-0.18
1939/4/1,-0.1
1939/5/1,-0.04
1939/6/1,-0.07
1939/7/1,-0.06
1939/8/1,-0.06
1939/9/1,-0.07
1939/10/1,-0.04
1939/11/1,0.07
1939/12/1,0.42
1940/1/1,-0.01
1940/2/1,0.08
1940/3/1,0.09
1940/4/1,0.17
1940/5/1,0.11
1940/6/1,0.11
1940/7/1,0.12
1940/8/1,0.06
1940/9/1,0.15
1940/10/1,0.11
1940/11/1,0.16
1940/12/1,0.31
1941/1/1,0.18
1941/2/1,0.3
1941/3/1,0.1
1941/4/1,0.16
1941/5/1,0.17
1941/6/1,0.13
1941/7/1,0.22
1941/8/1,0.15
1941/9/1,0.02
1941/10/1,0.35
1941/11/1,0.22
1941/12/1,0.21
1942/1/1,0.29
1942/2/1,0.02
1942/3/1,0.05
1942/4/1,0.09
1942/5/1,0.11
1942/6/1,0.04
1942/7/1,0
1942/8/1,-0.04
1942/9/1,-0.03
1942/10/1,0.01
1942/11/1,0.09
1942/12/1,0.12
1943/1/1,-0.01
1943/2/1,0.17
1943/3/1,-0.04
1943/4/1,0.11
1943/5/1,0.06
1943/6/1,-0.05
1943/7/1,0.08
1943/8/1,0
1943/9/1,0.05
1943/10/1,0.23
1943/11/1,0.19
1943/12/1,0.23
1944/1/1,0.36
1944/2/1,0.24
1944/3/1,0.26
1944/4/1,0.19
1944/5/1,0.18
1944/6/1,0.15
1944/7/1,0.17
1944/8/1,0.18
1944/9/1,0.28
1944/10/1,0.26
1944/11/1,0.11
1944/12/1,0.04
1945/1/1,0.1
1945/2/1,0.01
1945/3/1,0.06
1945/4/1,0.19
1945/5/1,0.06
1945/6/1,0.01
1945/7/1,0.04
1945/8/1,0.26
1945/9/1,0.2
1945/10/1,0.18
1945/11/1,0.07
1945/12/1,-0.07
1946/1/1,0.15
1946/2/1,0.03
1946/3/1,0.01
1946/4/1,0.05
1946/5/1,-0.07
1946/6/1,-0.21
1946/7/1,-0.12
1946/8/1,-0.2
1946/9/1,-0.08
1946/10/1,-0.08
1946/11/1,-0.05
1946/12/1,-0.31
1947/1/1,-0.07
1947/2/1,-0.08
1947/3/1,0.06
1947/4/1,0.06
1947/5/1,-0.01
1947/6/1,-0.02
1947/7/1,-0.04
1947/8/1,-0.07
1947/9/1,-0.12
1947/10/1,0.07
1947/11/1,0.03
1947/12/1,-0.13
1948/1/1,0.06
1948/2/1,-0.15
1948/3/1,-0.24
1948/4/1,-0.12
1948/5/1,-0.01
1948/6/1,-0.05
1948/7/1,-0.11
1948/8/1,-0.11
1948/9/1,-0.14
1948/10/1,-0.05
1948/11/1,-0.12
1948/12/1,-0.24
1949/1/1,0.06
1949/2/1,-0.14
1949/3/1,-0.02
1949/4/1,-0.11
1949/5/1,-0.1
1949/6/1,-0.27
1949/7/1,-0.13
1949/8/1,-0.13
1949/9/1,-0.14
1949/10/1,-0.06
1949/11/1,-0.1
1949/12/1,-0.18
1950/1/1,-0.26
1950/2/1,-0.27
1950/3/1,-0.08
1950/4/1,-0.21
1950/5/1,-0.11
1950/6/1,-0.05
1950/7/1,-0.09
1950/8/1,-0.16
1950/9/1,-0.11
1950/10/1,-0.2
1950/11/1,-0.34
1950/12/1,-0.22
1951/1/1,-0.34
1951/2/1,-0.41
1951/3/1,-0.2
1951/4/1,-0.14
1951/5/1,0
1951/6/1,-0.06
1951/7/1,-0.01
1951/8/1,0.06
1951/9/1,0.05
1951/10/1,0.08
1951/11/1,-0.01
1951/12/1,0.16
1952/1/1,0.11
1952/2/1,0.11
1952/3/1,-0.08
1952/4/1,0.03
1952/5/1,-0.03
1952/6/1,-0.03
1952/7/1,0.04
1952/8/1,0.05
1952/9/1,0.07
1952/10/1,0
1952/11/1,-0.13
1952/12/1,-0.02
1953/1/1,0.07
1953/2/1,0.15
1953/3/1,0.11
1953/4/1,0.19
1953/5/1,0.11
1953/6/1,0.12
1953/7/1,0.01
1953/8/1,0.05
1953/9/1,0.04
1953/10/1,0.08
1953/11/1,-0.03
1953/12/1,0.05
1954/1/1,-0.24
1954/2/1,-0.1
1954/3/1,-0.15
1954/4/1,-0.14
1954/5/1,-0.2
1954/6/1,-0.19
1954/7/1,-0.19
1954/8/1,-0.17
1954/9/1,-0.1
1954/10/1,-0.02
1954/11/1,0.08
1954/12/1,-0.18
1955/1/1,0.13
1955/2/1,-0.16
1955/3/1,-0.32
1955/4/1,-0.22
1955/5/1,-0.2
1955/6/1,-0.13
1955/7/1,-0.11
1955/8/1,0.02
1955/9/1,-0.11
1955/10/1,-0.05
1955/11/1,-0.25
1955/12/1,-0.28
1956/1/1,-0.13
1956/2/1,-0.24
1956/3/1,-0.21
1956/4/1,-0.28
1956/5/1,-0.29
1956/6/1,-0.15
1956/7/1,-0.09
1956/8/1,-0.25
1956/9/1,-0.19
1956/10/1,-0.23
1956/11/1,-0.15
1956/12/1,-0.07
1957/1/1,-0.09
1957/2/1,-0.03
1957/3/1,-0.05
1957/4/1,0
1957/5/1,0.09
1957/6/1,0.15
1957/7/1,0.02
1957/8/1,0.15
1957/9/1,0.09
1957/10/1,0.01
1957/11/1,0.08
1957/12/1,0.15
1958/1/1,0.39
1958/2/1,0.22
1958/3/1,0.09
1958/4/1,0.01
1958/5/1,0.06
1958/6/1,-0.09
1958/7/1,0.05
1958/8/1,-0.05
1958/9/1,-0.03
1958/10/1,0.04
1958/11/1,0.02
1958/12/1,0.01
1959/1/1,0.08
1959/2/1,0.07
1959/3/1,0.18
1959/4/1,0.16
1959/5/1,0.04
1959/6/1,0.03
1959/7/1,0.03
1959/8/1,-0.01
1959/9/1,-0.06
1959/10/1,-0.07
1959/11/1,-0.08
1959/12/1,0
1960/1/1,0
1960/2/1,0.13
1960/3/1,-0.35
1960/4/1,-0.15
1960/5/1,-0.08
1960/6/1,-0.04
1960/7/1,-0.04
1960/8/1,0.02
1960/9/1,0.07
1960/10/1,0.06
1960/11/1,-0.11
1960/12/1,0.19
1961/1/1,0.07
1961/2/1,0.19
1961/3/1,0.09
1961/4/1,0.13
1961/5/1,0.12
1961/6/1,0.12
1961/7/1,0.01
1961/8/1,0.01
1961/9/1,0.08
1961/10/1,0
1961/11/1,0.03
1961/12/1,-0.16
1962/1/1,0.05
1962/2/1,0.15
1962/3/1,0.1
1962/4/1,0.05
1962/5/1,-0.06
1962/6/1,0.03
1962/7/1,0.02
1962/8/1,-0.01
1962/9/1,0
1962/10/1,0.01
1962/11/1,0.06
1962/12/1,-0.03
1963/1/1,-0.03
1963/2/1,0.18
1963/3/1,-0.14
1963/4/1,-0.07
1963/5/1,-0.06
1963/6/1,0.05
1963/7/1,0.06
1963/8/1,0.22
1963/9/1,0.17
1963/10/1,0.15
1963/11/1,0.15
1963/12/1,-0.03
1964/1/1,-0.09
1964/2/1,-0.1
1964/3/1,-0.21
1964/4/1,-0.32
1964/5/1,-0.25
1964/6/1,-0.04
1964/7/1,-0.04
1964/8/1,-0.22
1964/9/1,-0.29
1964/10/1,-0.31
1964/11/1,-0.21
1964/12/1,-0.3
1965/1/1,-0.08
1965/2/1,-0.17
1965/3/1,-0.13
1965/4/1,-0.19
1965/5/1,-0.12
1965/6/1,-0.08
1965/7/1,-0.13
1965/8/1,-0.04
1965/9/1,-0.15
1965/10/1,-0.05
1965/11/1,-0.06
1965/12/1,-0.08
1966/1/1,-0.19
1966/2/1,-0.04
1966/3/1,0.04
1966/4/1,-0.13
1966/5/1,-0.12
1966/6/1,0.01
1966/7/1,0.08
1966/8/1,-0.09
1966/9/1,-0.03
1966/10/1,-0.17
1966/11/1,0
1966/12/1,-0.02
1967/1/1,-0.07
1967/2/1,-0.21
1967/3/1,0.05
1967/4/1,-0.05
1967/5/1,0.12
1967/6/1,-0.08
1967/7/1,0.02
1967/8/1,0.01
1967/9/1,-0.06
1967/10/1,0.09
1967/11/1,-0.05
1967/12/1,-0.05
1968/1/1,-0.26
1968/2/1,-0.14
1968/3/1,0.2
1968/4/1,-0.06
1968/5/1,-0.14
1968/6/1,-0.09
1968/7/1,-0.13
1968/8/1,-0.09
1968/9/1,-0.19
1968/10/1,0.09
1968/11/1,-0.05
1968/12/1,-0.14
1969/1/1,-0.11
1969/2/1,-0.18
1969/3/1,0.01
1969/4/1,0.17
1969/5/1,0.18
1969/6/1,0.03
1969/7/1,-0.05
1969/8/1,0.04
1969/9/1,0.08
1969/10/1,0.09
1969/11/1,0.12
1969/12/1,0.24
1970/1/1,0.08
1970/2/1,0.22
1970/3/1,0.06
1970/4/1,0.05
1970/5/1,-0.03
1970/6/1,-0.02
1970/7/1,0.02
1970/8/1,-0.1
1970/9/1,0.12
1970/10/1,0.03
1970/11/1,0.02
1970/12/1,-0.12
1971/1/1,-0.02
1971/2/1,-0.15
1971/3/1,-0.18
1971/4/1,-0.07
1971/5/1,-0.05
1971/6/1,-0.16
1971/7/1,-0.08
1971/8/1,-0.01
1971/9/1,-0.05
1971/10/1,-0.04
1971/11/1,-0.07
1971/12/1,-0.08
1972/1/1,-0.23
1972/2/1,-0.18
1972/3/1,0.02
1972/4/1,0
1972/5/1,-0.03
1972/6/1,0.04
1972/7/1,0.01
1972/8/1,0.16
1972/9/1,0.02
1972/10/1,0.08
1972/11/1,0.02
1972/12/1,0.18
1973/1/1,0.29
1973/2/1,0.32
1973/3/1,0.29
1973/4/1,0.27
1973/5/1,0.23
1973/6/1,0.19
1973/7/1,0.12
1973/8/1,0.05
1973/9/1,0.09
1973/10/1,0.1
1973/11/1,0.04
1973/12/1,-0.07
1974/1/1,-0.1
1974/2/1,-0.27
1974/3/1,-0.05
1974/4/1,-0.11
1974/5/1,-0.04
1974/6/1,-0.05
1974/7/1,-0.03
1974/8/1,0.1
1974/9/1,-0.08
1974/10/1,-0.06
1974/11/1,-0.08
1974/12/1,-0.08
1975/1/1,0.1
1975/2/1,0.08
1975/3/1,0.12
1975/4/1,0.04
1975/5/1,0.16
1975/6/1,-0.01
1975/7/1,-0.01
1975/8/1,-0.17
1975/9/1,-0.02
1975/10/1,-0.11
1975/11/1,-0.17
1975/12/1,-0.17
1976/1/1,-0.03
1976/2/1,-0.06
1976/3/1,-0.21
1976/4/1,-0.07
1976/5/1,-0.2
1976/6/1,-0.12
1976/7/1,-0.1
1976/8/1,-0.12
1976/9/1,-0.06
1976/10/1,-0.24
1976/11/1,-0.06
1976/12/1,0.11
1977/1/1,0.18
1977/2/1,0.23
1977/3/1,0.24
1977/4/1,0.26
1977/5/1,0.33
1977/6/1,0.27
1977/7/1,0.2
1977/8/1,0.18
1977/9/1,0.02
1977/10/1,0.03
1977/11/1,0.16
1977/12/1,0.03
1978/1/1,0.06
1978/2/1,0.1
1978/3/1,0.19
1978/4/1,0.17
1978/5/1,0.09
1978/6/1,-0.01
1978/7/1,0.04
1978/8/1,-0.14
1978/9/1,0.06
1978/10/1,0.03
1978/11/1,0.13
1978/12/1,0.08
1979/1/1,0.09
1979/2/1,-0.1
1979/3/1,0.19
1979/4/1,0.15
1979/5/1,0.03
1979/6/1,0.14
1979/7/1,0.04
1979/8/1,0.17
1979/9/1,0.25
1979/10/1,0.26
1979/11/1,0.28
1979/12/1,0.48
1980/1/1,0.29
1980/2/1,0.39
1980/3/1,0.29
1980/4/1,0.3
1980/5/1,0.35
1980/6/1,0.2
1980/7/1,0.22
1980/8/1,0.18
1980/9/1,0.2
1980/10/1,0.13
1980/11/1,0.29
1980/12/1,0.21
1981/1/1,0.53
1981/2/1,0.42
1981/3/1,0.48
1981/4/1,0.32
1981/5/1,0.24
1981/6/1,0.29
1981/7/1,0.32
1981/8/1,0.35
1981/9/1,0.14
1981/10/1,0.12
1981/11/1,0.23
1981/12/1,0.41
1982/1/1,0.05
1982/2/1,0.15
1982/3/1,0.03
1982/4/1,0.15
1982/5/1,0.18
1982/6/1,0.05
1982/7/1,0.14
1982/8/1,0.03
1982/9/1,0.14
1982/10/1,0.13
1982/11/1,0.18
1982/12/1,0.43
1983/1/1,0.53
1983/2/1,0.43
1983/3/1,0.41
1983/4/1,0.28
1983/5/1,0.34
1983/6/1,0.22
1983/7/1,0.18
1983/8/1,0.35
1983/9/1,0.37
1983/10/1,0.17
1983/11/1,0.3
1983/12/1,0.16
1984/1/1,0.31
1984/2/1,0.14
1984/3/1,0.26
1984/4/1,0.06
1984/5/1,0.33
1984/6/1,0.02
1984/7/1,0.19
1984/8/1,0.19
1984/9/1,0.21
1984/10/1,0.13
1984/11/1,0.06
1984/12/1,-0.04
1985/1/1,0.22
1985/2/1,-0.04
1985/3/1,0.17
1985/4/1,0.12
1985/5/1,0.14
1985/6/1,0.15
1985/7/1,0.04
1985/8/1,0.16
1985/9/1,0.13
1985/10/1,0.12
1985/11/1,0.05
1985/12/1,0.14
1986/1/1,0.26
1986/2/1,0.37
1986/3/1,0.3
1986/4/1,0.22
1986/5/1,0.21
1986/6/1,0.12
1986/7/1,0.11
1986/8/1,0.15
1986/9/1,0.03
1986/10/1,0.15
1986/11/1,0.1
1986/12/1,0.13
1987/1/1,0.32
1987/2/1,0.43
1987/3/1,0.18
1987/4/1,0.24
1987/5/1,0.25
1987/6/1,0.35
1987/7/1,0.4
1987/8/1,0.24
1987/9/1,0.35
1987/10/1,0.33
1987/11/1,0.29
1987/12/1,0.46
1988/1/1,0.56
1988/2/1,0.44
1988/3/1,0.51
1988/4/1,0.42
1988/5/1,0.44
1988/6/1,0.4
1988/7/1,0.33
1988/8/1,0.39
1988/9/1,0.37
1988/10/1,0.37
1988/11/1,0.12
1988/12/1,0.29
1989/1/1,0.12
1989/2/1,0.29
1989/3/1,0.36
1989/4/1,0.29
1989/5/1,0.17
1989/6/1,0.15
1989/7/1,0.34
1989/8/1,0.33
1989/9/1,0.34
1989/10/1,0.29
1989/11/1,0.2
1989/12/1,0.37
1990/1/1,0.41
1990/2/1,0.43
1990/3/1,0.8
1990/4/1,0.56
1990/5/1,0.45
1990/6/1,0.37
1990/7/1,0.46
1990/8/1,0.34
1990/9/1,0.23
1990/10/1,0.44
1990/11/1,0.46
1990/12/1,0.4
1991/1/1,0.42
1991/2/1,0.49
1991/3/1,0.35
1991/4/1,0.51
1991/5/1,0.34
1991/6/1,0.53
1991/7/1,0.47
1991/8/1,0.39
1991/9/1,0.44
1991/10/1,0.29
1991/11/1,0.29
1991/12/1,0.31
1992/1/1,0.47
1992/2/1,0.4
1992/3/1,0.48
1992/4/1,0.27
1992/5/1,0.31
1992/6/1,0.26
1992/7/1,0.09
1992/8/1,0.08
1992/9/1,-0.01
1992/10/1,0.07
1992/11/1,0.03
1992/12/1,0.21
1993/1/1,0.34
1993/2/1,0.37
1993/3/1,0.36
1993/4/1,0.28
1993/5/1,0.28
1993/6/1,0.23
1993/7/1,0.25
1993/8/1,0.11
1993/9/1,0.11
1993/10/1,0.24
1993/11/1,0.03
1993/12/1,0.18
1994/1/1,0.26
1994/2/1,0.02
1994/3/1,0.29
1994/4/1,0.41
1994/5/1,0.28
1994/6/1,0.43
1994/7/1,0.3
1994/8/1,0.21
1994/9/1,0.31
1994/10/1,0.42
1994/11/1,0.44
1994/12/1,0.38
1995/1/1,0.52
1995/2/1,0.79
1995/3/1,0.46
1995/4/1,0.46
1995/5/1,0.27
1995/6/1,0.43
1995/7/1,0.45
1995/8/1,0.45
1995/9/1,0.33
1995/10/1,0.46
1995/11/1,0.44
1995/12/1,0.26
1996/1/1,0.24
1996/2/1,0.46
1996/3/1,0.32
1996/4/1,0.33
1996/5/1,0.27
1996/6/1,0.25
1996/7/1,0.36
1996/8/1,0.48
1996/9/1,0.25
1996/10/1,0.22
1996/11/1,0.41
1996/12/1,0.37
1997/1/1,0.32
1997/2/1,0.4
1997/3/1,0.52
1997/4/1,0.33
1997/5/1,0.34
1997/6/1,0.54
1997/7/1,0.34
1997/8/1,0.41
1997/9/1,0.52
1997/10/1,0.61
1997/11/1,0.64
1997/12/1,0.59
1998/1/1,0.58
1998/2/1,0.88
1998/3/1,0.63
1998/4/1,0.63
1998/5/1,0.68
1998/6/1,0.77
1998/7/1,0.66
1998/8/1,0.65
1998/9/1,0.42
1998/10/1,0.42
1998/11/1,0.43
1998/12/1,0.54
1999/1/1,0.48
1999/2/1,0.64
1999/3/1,0.32
1999/4/1,0.32
1999/5/1,0.26
1999/6/1,0.36
1999/7/1,0.39
1999/8/1,0.31
1999/9/1,0.39
1999/10/1,0.34
1999/11/1,0.37
1999/12/1,0.4
2000/1/1,0.25
2000/2/1,0.56
2000/3/1,0.55
2000/4/1,0.56
2000/5/1,0.35
2000/6/1,0.4
2000/7/1,0.39
2000/8/1,0.42
2000/9/1,0.38
2000/10/1,0.27
2000/11/1,0.3
2000/12/1,0.28
2001/1/1,0.45
2001/2/1,0.43
2001/3/1,0.55
2001/4/1,0.5
2001/5/1,0.57
2001/6/1,0.52
2001/7/1,0.59
2001/8/1,0.48
2001/9/1,0.51
2001/10/1,0.5
2001/11/1,0.72
2001/12/1,0.55
2002/1/1,0.77
2002/2/1,0.78
2002/3/1,0.88
2002/4/1,0.58
2002/5/1,0.64
2002/6/1,0.53
2002/7/1,0.61
2002/8/1,0.53
2002/9/1,0.64
2002/10/1,0.54
2002/11/1,0.59
2002/12/1,0.44
2003/1/1,0.74
2003/2/1,0.58
2003/3/1,0.6
2003/4/1,0.55
2003/5/1,0.6
2003/6/1,0.47
2003/7/1,0.58
2003/8/1,0.64
2003/9/1,0.62
2003/10/1,0.72
2003/11/1,0.52
2003/12/1,0.74
2004/1/1,0.57
2004/2/1,0.72
2004/3/1,0.63
2004/4/1,0.61
2004/5/1,0.37
2004/6/1,0.44
2004/7/1,0.25
2004/8/1,0.45
2004/9/1,0.5
2004/10/1,0.61
2004/11/1,0.73
2004/12/1,0.5
2005/1/1,0.75
2005/2/1,0.6
2005/3/1,0.74
2005/4/1,0.67
2005/5/1,0.63
2005/6/1,0.65
2005/7/1,0.61
2005/8/1,0.6
2005/9/1,0.71
2005/10/1,0.76
2005/11/1,0.74
2005/12/1,0.67
2006/1/1,0.56
2006/2/1,0.74
2006/3/1,0.63
2006/4/1,0.46
2006/5/1,0.48
2006/6/1,0.66
2006/7/1,0.54
2006/8/1,0.71
2006/9/1,0.66
2006/10/1,0.7
2006/11/1,0.73
2006/12/1,0.79
2007/1/1,1.01
2007/2/1,0.7
2007/3/1,0.71
2007/4/1,0.77
2007/5/1,0.69
2007/6/1,0.61
2007/7/1,0.6
2007/8/1,0.6
2007/9/1,0.6
2007/10/1,0.59
2007/11/1,0.59
2007/12/1,0.49
2008/1/1,0.3
2008/2/1,0.38
2008/3/1,0.75
2008/4/1,0.54
2008/5/1,0.5
2008/6/1,0.49
2008/7/1,0.6
2008/8/1,0.45
2008/9/1,0.6
2008/10/1,0.67
2008/11/1,0.69
2008/12/1,0.53
2009/1/1,0.64
2009/2/1,0.53
2009/3/1,0.53
2009/4/1,0.61
2009/5/1,0.65
2009/6/1,0.64
2009/7/1,0.73
2009/8/1,0.69
2009/9/1,0.72
2009/10/1,0.65
2009/11/1,0.8
2009/12/1,0.67
2010/1/1,0.74
2010/2/1,0.84
2010/3/1,0.92
2010/4/1,0.85
2010/5/1,0.75
2010/6/1,0.67
2010/7/1,0.63
2010/8/1,0.67
2010/9/1,0.63
2010/10/1,0.71
2010/11/1,0.81
2010/12/1,0.45
2011/1/1,0.52
2011/2/1,0.47
2011/3/1,0.65
2011/4/1,0.64
2011/5/1,0.53
2011/6/1,0.62
2011/7/1,0.7
2011/8/1,0.75
2011/9/1,0.55
2011/10/1,0.65
2011/11/1,0.59
2011/12/1,0.6
2012/1/1,0.47
2012/2/1,0.48
2012/3/1,0.56
2012/4/1,0.72
2012/5/1,0.78
2012/6/1,0.64
2012/7/1,0.59
2012/8/1,0.66
2012/9/1,0.72
2012/10/1,0.79
2012/11/1,0.78
2012/12/1,0.52
2013/1/1,0.71
2013/2/1,0.61
2013/3/1,0.67
2013/4/1,0.53
2013/5/1,0.6
2013/6/1,0.69
2013/7/1,0.6
2013/8/1,0.7
2013/9/1,0.76
2013/10/1,0.69
2013/11/1,0.83
2013/12/1,0.7
2014/1/1,0.76
2014/2/1,0.55
2014/3/1,0.78
2014/4/1,0.81
2014/5/1,0.86
2014/6/1,0.67
2014/7/1,0.58
2014/8/1,0.83
2014/9/1,0.88
2014/10/1,0.8
2014/11/1,0.67
2014/12/1,0.78
2015/1/1,0.86
2015/2/1,0.91
2015/3/1,0.96
2015/4/1,0.75
2015/5/1,0.8
2015/6/1,0.81
2015/7/1,0.73
2015/8/1,0.79
2015/9/1,0.83
2015/10/1,1.07
2015/11/1,1.06
2015/12/1,1.17
2016/1/1,1.18
2016/2/1,1.36
2016/3/1,1.35
2016/4/1,1.08
2016/5/1,0.95
2016/6/1,0.8
2016/7/1,0.84
2016/8/1,1.01
2016/9/1,0.9
2016/10/1,0.86
2016/11/1,0.91
2016/12/1,0.86
2017/1/1,1.02
2017/2/1,1.13
2017/3/1,1.16
2017/4/1,0.93
2017/5/1,0.91
2017/6/1,0.71
2017/7/1,0.82
2017/8/1,0.87
2017/9/1,0.74
2017/10/1,0.88
2017/11/1,0.87
2017/12/1,0.93
2018/1/1,0.82
2018/2/1,0.84
2018/3/1,0.88
2018/4/1,0.88
2018/5/1,0.81
2018/6/1,0.76
2018/7/1,0.83
2018/8/1,0.78
2018/9/1,0.8
2018/10/1,1.01
2018/11/1,0.83
2018/12/1,0.93
2019/1/1,0.93
2019/2/1,0.95
2019/3/1,1.17
2019/4/1,1.01
2019/5/1,0.86
2019/6/1,0.9
2019/7/1,0.94
2019/8/1,0.95
2019/9/1,0.93
2019/10/1,1
2019/11/1,0.99
2019/12/1,1.11
2020/1/1,1.17
2020/2/1,1.24
2020/3/1,1.18
2020/4/1,1.12
2020/5/1,0.99
2020/6/1,0.91
2020/7/1,0.89
2020/8/1,0.86
2020/9/1,0.96
2020/10/1,0.87
2020/11/1,1.08
2020/12/1,0.8
2021/1/1,0.81
2021/2/1,0.64
2021/3/1,0.89
2021/4/1,0.76
2021/5/1,0.79
2021/6/1,0.85
2021/7/1,0.92
2021/8/1,0.81
2021/9/1,0.92
2021/10/1,0.98
2021/11/1,0.92
2021/12/1,0.88
2022/1/1,0.91
2022/2/1,0.89
2022/3/1,1.04
2022/4/1,0.83
2022/5/1,0.84
2022/6/1,0.92
2022/7/1,0.94
2022/8/1,0.94
2022/9/1,0.88
2022/10/1,0.97
2022/11/1,0.73
2022/12/1,0.79
2023/1/1,0.87
2023/2/1,0.97
2023/3/1,1.23
2023/4/1,0.99
2023/5/1,0.94
2023/6/1,1.08
2023/7/1,1.19
2023/8/1,1.19
2023/9/1,1.48
2023/10/1,1.34
2023/11/1,1.4
2023/12/1,1.35
2024/1/1,1.25
2024/2/1,1.43
2024/3/1,1.39
2024/4/1,1.31
2024/5/1,1.16
2024/6/1,1.24
2024/7/1,1.2
2024/8/1,1.3
2024/9/1,1.23
2024/10/1,1.34
2024/11/1,1.29
2024/12/1,1.26
2025/1/1,1.37
2025/2/1,1.27
2025/3/1,1.37
2025/4/1,1.24
2025/5/1,1.07
2025/6/1,1.06
2025/7/1,1.02
2025/8/1,1.17
2025/9/1,1.25
2025/10/1,1.19
2025/11/1,1.2
2025/12/1,1.07
2026/1/1,1.08
2026/2/1,1.24
2026/3/1,1.28
2026/4/1,
2026/5/1,
2026/6/1,
2026/7/1,
2026/8/1,
2026/9/1,
2026/10/1,
2026/11/1,
2026/12/1,
